park_code,park_name
acad,Acadia National Park
arch,Arches National Park
care,Capitol Reef National Park
cuva,Cuyahoga Valley National Park
glac,Glacier National Park
grca,Grand Canyon National Park
grsm,Great Smoky Mountains National Park
grte,Grand Teton National Park
havo,Hawaiʻi Volcanoes National Park
indu,Indiana Dunes National Park
isro,Isle Royale National Park
pefo,Petrified Forest National Park
sagu,Saguaro National Park
viis,Virgin Islands National Park
voya,Voyageurs National Park
yell,Yellowstone National Park
yose,Yosemite National Park
zion,Zion National Park
acad,Acadia National Park
arch,Arches National Park
badl,Badlands National Park
bibe,Big Bend National Park
brca,Bryce Canyon National Park
cany,Canyonlands National Park
care,Capitol Reef National Park
cave,Carlsbad Caverns National Park
chis,Channel Islands National Park
crla,Crater Lake National Park
deva,Death Valley National Park
drto,Dry Tortugas National Park
ever,Everglades National Park
glac,Glacier National Park
grba,Great Basin National Park
grca,Grand Canyon National Park
grsm,Great Smoky Mountains National Park
indu,Indiana Dunes National Park
isro,Isle Royale National Park
jeff,Gateway Arch National Park
jotr,Joshua Tree National Park
kefj,Kenai Fjords National Park
lavo,Lassen Volcanic National Park
maca,Mammoth Cave National Park
meve,Mesa Verde National Park
mora,Mount Rainier National Park
olym,Olympic National Park
pefo,Petrified Forest National Park
pinn,Pinnacles National Park
sagu,Saguaro National Park
shen,Shenandoah National Park
thro,Theodore Roosevelt National Park
viis,Virgin Islands National Park
voya,Voyageurs National Park
yell,Yellowstone National Park
yose,Yosemite National Park
zion,Zion National Park
badl,Badlands National Park
bibe,Big Bend National Park
crla,Crater Lake National Park
ever,Everglades National Park
glac,Glacier National Park
grba,Great Basin National Park
grca,Grand Canyon National Park
grsm,Great Smoky Mountains National Park
grte,Grand Teton National Park
gumo,Guadalupe Mountains National Park
hosp,Hot Springs National Park
indu,Indiana Dunes National Park
jotr,Joshua Tree National Park
lavo,Lassen Volcanic National Park
meve,Mesa Verde National Park
mora,Mount Rainier National Park
noca,North Cascades National Park
pefo,Petrified Forest National Park
romo,Rocky Mountain National Park
sagu,Saguaro National Park
shen,Shenandoah National Park
thro,Theodore Roosevelt National Park
whsa,White Sands National Park
wica,Wind Cave National Park
yell,Yellowstone National Park
yose,Yosemite National Park
acad,Acadia National Park
arch,Arches National Park
badl,Badlands National Park
bibe,Big Bend National Park
brca,Bryce Canyon National Park
cany,Canyonlands National Park
care,Capitol Reef National Park
crla,Crater Lake National Park
cuva,Cuyahoga Valley National Park
deva,Death Valley National Park
ever,Everglades National Park
glac,Glacier National Park
grba,Great Basin National Park
grca,Grand Canyon National Park
grsm,Great Smoky Mountains National Park
grte,Grand Teton National Park
havo,Hawaiʻi Volcanoes National Park
hosp,Hot Springs National Park
indu,Indiana Dunes National Park
jeff,Gateway Arch National Park
jotr,Joshua Tree National Park
lavo,Lassen Volcanic National Park
maca,Mammoth Cave National Park
meve,Mesa Verde National Park
mora,Mount Rainier National Park
noca,North Cascades National Park
olym,Olympic National Park
pefo,Petrified Forest National Park
pinn,Pinnacles National Park
sagu,Saguaro National Park
shen,Shenandoah National Park
thro,Theodore Roosevelt National Park
voya,Voyageurs National Park
whsa,White Sands National Park
wica,Wind Cave National Park
yell,Yellowstone National Park
yose,Yosemite National Park
zion,Zion National Park
acad,Acadia National Park
bisc,Biscayne National Park
cany,Canyonlands National Park
chis,Channel Islands National Park
crla,Crater Lake National Park
drto,Dry Tortugas National Park
ever,Everglades National Park
glac,Glacier National Park
grca,Grand Canyon National Park
grte,Grand Teton National Park
indu,Indiana Dunes National Park
isro,Isle Royale National Park
kefj,Kenai Fjords National Park
kova,Kobuk Valley National Park
lavo,Lassen Volcanic National Park
maca,Mammoth Cave National Park
noca,North Cascades National Park
olym,Olympic National Park
viis,Virgin Islands National Park
voya,Voyageurs National Park
yell,Yellowstone National Park
yose,Yosemite National Park
acad,Acadia National Park
arch,Arches National Park
badl,Badlands National Park
bibe,Big Bend National Park
bisc,Biscayne National Park
blca,Black Canyon Of The Gunnison National Park
brca,Bryce Canyon National Park
cany,Canyonlands National Park
care,Capitol Reef National Park
cave,Carlsbad Caverns National Park
chis,Channel Islands National Park
cong,Congaree National Park
crla,Crater Lake National Park
deva,Death Valley National Park
drto,Dry Tortugas National Park
ever,Everglades National Park
glac,Glacier National Park
grba,Great Basin National Park
grca,Grand Canyon National Park
grsm,Great Smoky Mountains National Park
grte,Grand Teton National Park
gumo,Guadalupe Mountains National Park
hale,Haleakalā National Park
havo,Hawaiʻi Volcanoes National Park
hosp,Hot Springs National Park
indu,Indiana Dunes National Park
isro,Isle Royale National Park
jotr,Joshua Tree National Park
kefj,Kenai Fjords National Park
kova,Kobuk Valley National Park
lavo,Lassen Volcanic National Park
maca,Mammoth Cave National Park
meve,Mesa Verde National Park
mora,Mount Rainier National Park
noca,North Cascades National Park
olym,Olympic National Park
pefo,Petrified Forest National Park
pinn,Pinnacles National Park
romo,Rocky Mountain National Park
sagu,Saguaro National Park
shen,Shenandoah National Park
thro,Theodore Roosevelt National Park
viis,Virgin Islands National Park
voya,Voyageurs National Park
whsa,White Sands National Park
wica,Wind Cave National Park
yell,Yellowstone National Park
yose,Yosemite National Park
zion,Zion National Park
arch,Arches National Park
care,Capitol Reef National Park
deva,Death Valley National Park
zion,Zion National Park
cave,Carlsbad Caverns National Park
grba,Great Basin National Park
maca,Mammoth Cave National Park
pinn,Pinnacles National Park
wica,Wind Cave National Park
acad,Acadia National Park
arch,Arches National Park
blca,Black Canyon Of The Gunnison National Park
cany,Canyonlands National Park
care,Capitol Reef National Park
glac,Glacier National Park
grba,Great Basin National Park
grte,Grand Teton National Park
jotr,Joshua Tree National Park
kefj,Kenai Fjords National Park
mora,Mount Rainier National Park
noca,North Cascades National Park
olym,Olympic National Park
pinn,Pinnacles National Park
romo,Rocky Mountain National Park
shen,Shenandoah National Park
yose,Yosemite National Park
zion,Zion National Park
acad,Acadia National Park
badl,Badlands National Park
chis,Channel Islands National Park
crla,Crater Lake National Park
ever,Everglades National Park
lavo,Lassen Volcanic National Park
pefo,Petrified Forest National Park
shen,Shenandoah National Park
kefj,Kenai Fjords National Park
acad,Acadia National Park
bisc,Biscayne National Park
blca,Black Canyon Of The Gunnison National Park
care,Capitol Reef National Park
chis,Channel Islands National Park
cong,Congaree National Park
crla,Crater Lake National Park
cuva,Cuyahoga Valley National Park
drto,Dry Tortugas National Park
ever,Everglades National Park
glac,Glacier National Park
grba,Great Basin National Park
grca,Grand Canyon National Park
grsm,Great Smoky Mountains National Park
grte,Grand Teton National Park
hosp,Hot Springs National Park
indu,Indiana Dunes National Park
isro,Isle Royale National Park
kefj,Kenai Fjords National Park
kova,Kobuk Valley National Park
lavo,Lassen Volcanic National Park
maca,Mammoth Cave National Park
mora,Mount Rainier National Park
noca,North Cascades National Park
olym,Olympic National Park
romo,Rocky Mountain National Park
shen,Shenandoah National Park
viis,Virgin Islands National Park
voya,Voyageurs National Park
yell,Yellowstone National Park
yose,Yosemite National Park
deva,Death Valley National Park
grca,Grand Canyon National Park
isro,Isle Royale National Park
kefj,Kenai Fjords National Park
kova,Kobuk Valley National Park
acad,Acadia National Park
badl,Badlands National Park
bibe,Big Bend National Park
brca,Bryce Canyon National Park
care,Capitol Reef National Park
cave,Carlsbad Caverns National Park
chis,Channel Islands National Park
cong,Congaree National Park
crla,Crater Lake National Park
cuva,Cuyahoga Valley National Park
deva,Death Valley National Park
ever,Everglades National Park
glac,Glacier National Park
grba,Great Basin National Park
grca,Grand Canyon National Park
grsm,Great Smoky Mountains National Park
grte,Grand Teton National Park
hosp,Hot Springs National Park
indu,Indiana Dunes National Park
isro,Isle Royale National Park
jeff,Gateway Arch National Park
jotr,Joshua Tree National Park
kefj,Kenai Fjords National Park
lavo,Lassen Volcanic National Park
maca,Mammoth Cave National Park
meve,Mesa Verde National Park
mora,Mount Rainier National Park
olym,Olympic National Park
pefo,Petrified Forest National Park
pinn,Pinnacles National Park
shen,Shenandoah National Park
thro,Theodore Roosevelt National Park
viis,Virgin Islands National Park
voya,Voyageurs National Park
whsa,White Sands National Park
wica,Wind Cave National Park
yell,Yellowstone National Park
yose,Yosemite National Park
deva,Death Valley National Park
acad,Acadia National Park
arch,Arches National Park
bibe,Big Bend National Park
bisc,Biscayne National Park
brca,Bryce Canyon National Park
cany,Canyonlands National Park
care,Capitol Reef National Park
cave,Carlsbad Caverns National Park
chis,Channel Islands National Park
cong,Congaree National Park
crla,Crater Lake National Park
deva,Death Valley National Park
drto,Dry Tortugas National Park
ever,Everglades National Park
glac,Glacier National Park
grba,Great Basin National Park
grca,Grand Canyon National Park
grsm,Great Smoky Mountains National Park
grte,Grand Teton National Park
gumo,Guadalupe Mountains National Park
hale,Haleakalā National Park
havo,Hawaiʻi Volcanoes National Park
hosp,Hot Springs National Park
indu,Indiana Dunes National Park
isro,Isle Royale National Park
jeff,Gateway Arch National Park
jotr,Joshua Tree National Park
kefj,Kenai Fjords National Park
lavo,Lassen Volcanic National Park
maca,Mammoth Cave National Park
meve,Mesa Verde National Park
mora,Mount Rainier National Park
noca,North Cascades National Park
olym,Olympic National Park
pefo,Petrified Forest National Park
sagu,Saguaro National Park
thro,Theodore Roosevelt National Park
viis,Virgin Islands National Park
voya,Voyageurs National Park
whsa,White Sands National Park
wica,Wind Cave National Park
yell,Yellowstone National Park
yose,Yosemite National Park
zion,Zion National Park
acad,Acadia National Park
brca,Bryce Canyon National Park
care,Capitol Reef National Park
cong,Congaree National Park
crla,Crater Lake National Park
cuva,Cuyahoga Valley National Park
drto,Dry Tortugas National Park
ever,Everglades National Park
glac,Glacier National Park
grca,Grand Canyon National Park
grsm,Great Smoky Mountains National Park
kova,Kobuk Valley National Park
maca,Mammoth Cave National Park
mora,Mount Rainier National Park
noca,North Cascades National Park
olym,Olympic National Park
pefo,Petrified Forest National Park
pinn,Pinnacles National Park
romo,Rocky Mountain National Park
shen,Shenandoah National Park
yell,Yellowstone National Park
yose,Yosemite National Park
acad,Acadia National Park
arch,Arches National Park
badl,Badlands National Park
bibe,Big Bend National Park
blca,Black Canyon Of The Gunnison National Park
brca,Bryce Canyon National Park
cany,Canyonlands National Park
care,Capitol Reef National Park
cave,Carlsbad Caverns National Park
chis,Channel Islands National Park
cong,Congaree National Park
crla,Crater Lake National Park
cuva,Cuyahoga Valley National Park
deva,Death Valley National Park
ever,Everglades National Park
glac,Glacier National Park
grba,Great Basin National Park
grca,Grand Canyon National Park
grsm,Great Smoky Mountains National Park
grte,Grand Teton National Park
gumo,Guadalupe Mountains National Park
hale,Haleakalā National Park
havo,Hawaiʻi Volcanoes National Park
hosp,Hot Springs National Park
indu,Indiana Dunes National Park
isro,Isle Royale National Park
jotr,Joshua Tree National Park
kefj,Kenai Fjords National Park
kova,Kobuk Valley National Park
lavo,Lassen Volcanic National Park
maca,Mammoth Cave National Park
meve,Mesa Verde National Park
mora,Mount Rainier National Park
noca,North Cascades National Park
olym,Olympic National Park
pefo,Petrified Forest National Park
pinn,Pinnacles National Park
romo,Rocky Mountain National Park
sagu,Saguaro National Park
shen,Shenandoah National Park
thro,Theodore Roosevelt National Park
viis,Virgin Islands National Park
voya,Voyageurs National Park
whsa,White Sands National Park
wica,Wind Cave National Park
yell,Yellowstone National Park
yose,Yosemite National Park
zion,Zion National Park
acad,Acadia National Park
arch,Arches National Park
badl,Badlands National Park
blca,Black Canyon Of The Gunnison National Park
brca,Bryce Canyon National Park
cany,Canyonlands National Park
care,Capitol Reef National Park
cuva,Cuyahoga Valley National Park
deva,Death Valley National Park
glac,Glacier National Park
grba,Great Basin National Park
grca,Grand Canyon National Park
grsm,Great Smoky Mountains National Park
grte,Grand Teton National Park
gumo,Guadalupe Mountains National Park
indu,Indiana Dunes National Park
jotr,Joshua Tree National Park
lavo,Lassen Volcanic National Park
maca,Mammoth Cave National Park
noca,North Cascades National Park
olym,Olympic National Park
pefo,Petrified Forest National Park
shen,Shenandoah National Park
thro,Theodore Roosevelt National Park
wica,Wind Cave National Park
yell,Yellowstone National Park
yose,Yosemite National Park
grba,Great Basin National Park
grte,Grand Teton National Park
shen,Shenandoah National Park
acad,Acadia National Park
yose,Yosemite National Park
acad,Acadia National Park
arch,Arches National Park
badl,Badlands National Park
bibe,Big Bend National Park
bisc,Biscayne National Park
brca,Bryce Canyon National Park
cany,Canyonlands National Park
care,Capitol Reef National Park
cave,Carlsbad Caverns National Park
chis,Channel Islands National Park
cong,Congaree National Park
crla,Crater Lake National Park
cuva,Cuyahoga Valley National Park
deva,Death Valley National Park
drto,Dry Tortugas National Park
ever,Everglades National Park
glac,Glacier National Park
grba,Great Basin National Park
grca,Grand Canyon National Park
grsm,Great Smoky Mountains National Park
grte,Grand Teton National Park
gumo,Guadalupe Mountains National Park
hale,Haleakalā National Park
havo,Hawaiʻi Volcanoes National Park
hosp,Hot Springs National Park
indu,Indiana Dunes National Park
isro,Isle Royale National Park
jeff,Gateway Arch National Park
jotr,Joshua Tree National Park
kefj,Kenai Fjords National Park
kova,Kobuk Valley National Park
lavo,Lassen Volcanic National Park
maca,Mammoth Cave National Park
meve,Mesa Verde National Park
mora,Mount Rainier National Park
noca,North Cascades National Park
olym,Olympic National Park
pefo,Petrified Forest National Park
pinn,Pinnacles National Park
romo,Rocky Mountain National Park
sagu,Saguaro National Park
shen,Shenandoah National Park
thro,Theodore Roosevelt National Park
voya,Voyageurs National Park
whsa,White Sands National Park
wica,Wind Cave National Park
yell,Yellowstone National Park
yose,Yosemite National Park
zion,Zion National Park
care,Capitol Reef National Park
cuva,Cuyahoga Valley National Park
deva,Death Valley National Park
lavo,Lassen Volcanic National Park
mora,Mount Rainier National Park
voya,Voyageurs National Park
yose,Yosemite National Park
bisc,Biscayne National Park
brca,Bryce Canyon National Park
care,Capitol Reef National Park
chis,Channel Islands National Park
cong,Congaree National Park
crla,Crater Lake National Park
deva,Death Valley National Park
ever,Everglades National Park
grba,Great Basin National Park
grca,Grand Canyon National Park
grsm,Great Smoky Mountains National Park
gumo,Guadalupe Mountains National Park
havo,Hawaiʻi Volcanoes National Park
hosp,Hot Springs National Park
isro,Isle Royale National Park
jeff,Gateway Arch National Park
jotr,Joshua Tree National Park
kova,Kobuk Valley National Park
lavo,Lassen Volcanic National Park
meve,Mesa Verde National Park
mora,Mount Rainier National Park
olym,Olympic National Park
pefo,Petrified Forest National Park
shen,Shenandoah National Park
thro,Theodore Roosevelt National Park
voya,Voyageurs National Park
wica,Wind Cave National Park
yell,Yellowstone National Park
yose,Yosemite National Park
zion,Zion National Park
acad,Acadia National Park
bibe,Big Bend National Park
bisc,Biscayne National Park
blca,Black Canyon Of The Gunnison National Park
cany,Canyonlands National Park
chis,Channel Islands National Park
cong,Congaree National Park
cuva,Cuyahoga Valley National Park
drto,Dry Tortugas National Park
ever,Everglades National Park
glac,Glacier National Park
grca,Grand Canyon National Park
grte,Grand Teton National Park
indu,Indiana Dunes National Park
isro,Isle Royale National Park
kefj,Kenai Fjords National Park
kova,Kobuk Valley National Park
lavo,Lassen Volcanic National Park
maca,Mammoth Cave National Park
noca,North Cascades National Park
olym,Olympic National Park
viis,Virgin Islands National Park
voya,Voyageurs National Park
yell,Yellowstone National Park
yose,Yosemite National Park
acad,Acadia National Park
badl,Badlands National Park
bibe,Big Bend National Park
bisc,Biscayne National Park
brca,Bryce Canyon National Park
cany,Canyonlands National Park
care,Capitol Reef National Park
cave,Carlsbad Caverns National Park
chis,Channel Islands National Park
crla,Crater Lake National Park
deva,Death Valley National Park
ever,Everglades National Park
glac,Glacier National Park
grba,Great Basin National Park
grca,Grand Canyon National Park
grsm,Great Smoky Mountains National Park
havo,Hawaiʻi Volcanoes National Park
hosp,Hot Springs National Park
indu,Indiana Dunes National Park
isro,Isle Royale National Park
jeff,Gateway Arch National Park
kefj,Kenai Fjords National Park
lavo,Lassen Volcanic National Park
maca,Mammoth Cave National Park
meve,Mesa Verde National Park
mora,Mount Rainier National Park
olym,Olympic National Park
pefo,Petrified Forest National Park
pinn,Pinnacles National Park
sagu,Saguaro National Park
thro,Theodore Roosevelt National Park
voya,Voyageurs National Park
wica,Wind Cave National Park
yell,Yellowstone National Park
yose,Yosemite National Park
zion,Zion National Park
indu,Indiana Dunes National Park
bisc,Biscayne National Park
chis,Channel Islands National Park
drto,Dry Tortugas National Park
isro,Isle Royale National Park
viis,Virgin Islands National Park
acad,Acadia National Park
arch,Arches National Park
badl,Badlands National Park
bibe,Big Bend National Park
bisc,Biscayne National Park
brca,Bryce Canyon National Park
cany,Canyonlands National Park
care,Capitol Reef National Park
cave,Carlsbad Caverns National Park
chis,Channel Islands National Park
cong,Congaree National Park
crla,Crater Lake National Park
cuva,Cuyahoga Valley National Park
deva,Death Valley National Park
drto,Dry Tortugas National Park
ever,Everglades National Park
glac,Glacier National Park
grba,Great Basin National Park
grca,Grand Canyon National Park
grsm,Great Smoky Mountains National Park
grte,Grand Teton National Park
hale,Haleakalā National Park
havo,Hawaiʻi Volcanoes National Park
hosp,Hot Springs National Park
indu,Indiana Dunes National Park
isro,Isle Royale National Park
jeff,Gateway Arch National Park
jotr,Joshua Tree National Park
kefj,Kenai Fjords National Park
kova,Kobuk Valley National Park
lavo,Lassen Volcanic National Park
maca,Mammoth Cave National Park
meve,Mesa Verde National Park
mora,Mount Rainier National Park
noca,North Cascades National Park
olym,Olympic National Park
pefo,Petrified Forest National Park
pinn,Pinnacles National Park
romo,Rocky Mountain National Park
shen,Shenandoah National Park
thro,Theodore Roosevelt National Park
viis,Virgin Islands National Park
voya,Voyageurs National Park
wica,Wind Cave National Park
yell,Yellowstone National Park
yose,Yosemite National Park
zion,Zion National Park
acad,Acadia National Park
blca,Black Canyon Of The Gunnison National Park
brca,Bryce Canyon National Park
crla,Crater Lake National Park
cuva,Cuyahoga Valley National Park
glac,Glacier National Park
grba,Great Basin National Park
grte,Grand Teton National Park
indu,Indiana Dunes National Park
kefj,Kenai Fjords National Park
lavo,Lassen Volcanic National Park
meve,Mesa Verde National Park
mora,Mount Rainier National Park
olym,Olympic National Park
romo,Rocky Mountain National Park
voya,Voyageurs National Park
yell,Yellowstone National Park
yose,Yosemite National Park
bisc,Biscayne National Park
chis,Channel Islands National Park
drto,Dry Tortugas National Park
viis,Virgin Islands National Park
acad,Acadia National Park
crla,Crater Lake National Park
cuva,Cuyahoga Valley National Park
glac,Glacier National Park
grte,Grand Teton National Park
indu,Indiana Dunes National Park
lavo,Lassen Volcanic National Park
mora,Mount Rainier National Park
olym,Olympic National Park
romo,Rocky Mountain National Park
yell,Yellowstone National Park
yose,Yosemite National Park
acad,Acadia National Park
crla,Crater Lake National Park
grte,Grand Teton National Park
kefj,Kenai Fjords National Park
mora,Mount Rainier National Park
voya,Voyageurs National Park
yell,Yellowstone National Park
acad,Acadia National Park
blca,Black Canyon Of The Gunnison National Park
brca,Bryce Canyon National Park
crla,Crater Lake National Park
cuva,Cuyahoga Valley National Park
glac,Glacier National Park
grba,Great Basin National Park
grte,Grand Teton National Park
indu,Indiana Dunes National Park
kefj,Kenai Fjords National Park
lavo,Lassen Volcanic National Park
meve,Mesa Verde National Park
mora,Mount Rainier National Park
olym,Olympic National Park
romo,Rocky Mountain National Park
voya,Voyageurs National Park
yell,Yellowstone National Park
yose,Yosemite National Park
chis,Channel Islands National Park
olym,Olympic National Park
acad,Acadia National Park
bisc,Biscayne National Park
chis,Channel Islands National Park
crla,Crater Lake National Park
drto,Dry Tortugas National Park
glac,Glacier National Park
hale,Haleakalā National Park
indu,Indiana Dunes National Park
lavo,Lassen Volcanic National Park
olym,Olympic National Park
viis,Virgin Islands National Park
voya,Voyageurs National Park
yell,Yellowstone National Park
yose,Yosemite National Park
olym,Olympic National Park
voya,Voyageurs National Park
yose,Yosemite National Park
grte,Grand Teton National Park
voya,Voyageurs National Park
acad,Acadia National Park
badl,Badlands National Park
bibe,Big Bend National Park
bisc,Biscayne National Park
blca,Black Canyon Of The Gunnison National Park
brca,Bryce Canyon National Park
care,Capitol Reef National Park
cave,Carlsbad Caverns National Park
chis,Channel Islands National Park
crla,Crater Lake National Park
cuva,Cuyahoga Valley National Park
deva,Death Valley National Park
drto,Dry Tortugas National Park
ever,Everglades National Park
grba,Great Basin National Park
grca,Grand Canyon National Park
grsm,Great Smoky Mountains National Park
grte,Grand Teton National Park
gumo,Guadalupe Mountains National Park
havo,Hawaiʻi Volcanoes National Park
hosp,Hot Springs National Park
indu,Indiana Dunes National Park
isro,Isle Royale National Park
jotr,Joshua Tree National Park
kefj,Kenai Fjords National Park
kova,Kobuk Valley National Park
lavo,Lassen Volcanic National Park
maca,Mammoth Cave National Park
meve,Mesa Verde National Park
mora,Mount Rainier National Park
olym,Olympic National Park
pefo,Petrified Forest National Park
pinn,Pinnacles National Park
romo,Rocky Mountain National Park
shen,Shenandoah National Park
thro,Theodore Roosevelt National Park
viis,Virgin Islands National Park
voya,Voyageurs National Park
wica,Wind Cave National Park
yell,Yellowstone National Park
yose,Yosemite National Park
zion,Zion National Park
